Name,Description,Net_Worth,Date_of_Birth,Gender,Height,Profession,Nationality,Sentiment
Rituparna Sengupta,"Rituparna Sengupta net worth: Rituparna Sengupta is an Indian film actress who has a net worth of $20 million dollars. Rituparna Sengupta was born in Kolkata, West Bengal, India, and began dancing, singing, painting, and crafts when she was a child. She went on to graduate from Lady Brabourne College with a degree in History, and then enrolled in the University of Calcutta to earn her Masters in History. However, her acting career became to busy, and she subsequently dropped out. Some of her projects include ""Dahan"", ""Swet Pathorer Thala"", ""Abujh Mon"", ""Moner Manush"", ""Attiya Sajan"", ""Sasurbari Zindabad"", ""Mondo Meyer Upakhyan"", ""Alo "", ""Dwitiya Basanta"", ""Batikrami"", ""Anuranan"", ""Mon Amour"", and ""Aaynate"", among others. In 2013, she made international headlines, when Canadian immigration officials allegedly detained and harassed her for six hours when she was entering the country for the premiere of her film, ""Mukti Dir Reshmi"", at a Canadian film festival.",$20 Million,"Nov 7, 1971 (48 years old)",Female,6 ft (1.85 m),Actor,India,Neutral
Mahesh Babu,"Mahesh Babu net worth: Mahesh Babu is an Indian film actor, who has a net worth of $30 million. Mahesh Babu, also known as Prince, is one of the reigning movie stars of Telugu cinema. Being a child of the Indian actor Krishna, Babu made his first appearance in front of the camera at the age of four in the 1979 movie Needa. However, his first lead role came a decade after, starring in the 1999 movie Rajakumarudu. The young rising actor managed to gain mass appeal and roles in successful movies, after he appeared in the shoes of the young Kabaddi player in the 2003 blockbuster film Okkadu. Ever since, Mahesh Babu has starred in 9 films as a child artist and in 17 films as a lead actor. These accomplishments make his actor's portfolio rich enough to be considered one of the most sought after actors in Telugu Cinema. Furthermore, he is a proud winner of seven Andhra Pradesh state Nandi Awards, three Filmfare Best Telugu Actor Awards, three CineMAA Awards and one South Indian International Movie Award. Not excluding the chance to earn some more recognitions for his most recent projects: Business Man (2012) and Seethamma Vakitlo Sirimalle Chettu (2013). Apart from playing roles in smash-hit movies and earning prestigious awards, he is also a national brand for Thums Up and an enthusiastic advocate of several brands in Andhra Pradesh and South India.",$30 Million,"Aug 9, 1975 (44 years old)",Male,6 ft 3 in (1.91 m),Actor,India,Neutral
Ajay Devgan,"Ajay Devgan net worth: Ajay Devgan is an Indian film actor, director, producer and stuntman who has a net worth of $30 million. In 1991, Ajay Devgan appeared on the silver screen for the first time with the release of Phool Aur Kaante, which was a huge hit. For this movie he received the Best Male Debut award at Filmfare. And then he was cast as the lead role in films like Jigar in 1992, Suhaag in 1994, Dilwale in 1994, Diljale in 1996, Naajayaz in 1995 and Ishq which was released in 1997.
In 1999, Ajay Devgan won the National Film Award as the best actor for the movie Zakhm which was produced and directed by Mahesh Bhatt. During the early part of the 2000s Ajay Devgan appeared in movies like Lajja, and Company. Again he won the National Film Award as the best actor with the release of Bhagat Singh, which was directed by Rajkumar Santoshi. During his career, Ajay Devgan has released many commercially and critically successful movies including Yuva in 2004, Raincoat in 2004, Omkara in 2006, Rajneeti in 2010, and Singham in 2011. His latest movies are Son of Sardar and Bol Bacahn and both of them were released in 2012. As a film director, he debuted with U Me Aur Hum which received a moderate amount of success at the box office.",$30 Million,"Apr 2, 1969 (51 years old)",Male,5 ft 8 in (1.75 m),"Actor, Film Producer, Film director",India,Neutral
Twinkle Khanna,"Twinkle Khanna net worth: Twinkle Khanna is an Indian actress who has a net worth of $30 million dollars. She has acted in films for both Bollywood and Telugu films and is the daughter of established actors, Dimple Kapadia and the late Rajesh Khanna. She made her debut opposite Bobby Deol in the film, 
 in 1995. The film did well at the box office, and Khanna received the Filmfare Best Debut Award for her performance. After an eye surgery for a slight cross-eye condition, Khanna went on to do many films and was well received for her work. Her notable film roles include the girl next door in 
with Salman Khan, the undercover spy along with Shahrukh Khan in 
, and the village belle in 
 with Aamir Khan. She left the film industry in 2001, and in 2002, opened her own interior design store in Crawford Market, Mumbai called 
, in partnership with her longtime friend, Gurlein Manchanda. Since then, the store has achieved great success and has received a prestigious Elle Decor International Design Award (from Indian edition of Elle Decor magazine). She has opened up another branch of the store elsewhere in Mumbai and plans to expand throughout India. She married famous Bollywod actor, Akshay Kumar, and together they have a son, Aarav Bhatia and a daughter, Nitara Khanna Bhatia.",$30 Million,"Dec 29, 1974 (45 years old)",Female,5 ft 4 in (1.63 m),"Actor, Interior designer, Film Producer",India,Neutral
Suriya," Suriya is an Indian actor, producer, and television presenter who has a net worth of $25 million. Suriya was born in Coimatore, Tamil Nadu, India in July 1975. He currently works in the Tamil film industry. Suriya debuted in 1997 in the film Nerukku Ner. He has since starred in many films such as Nandha, Kaakha Kaakha, Peazhagan, Ghajini, Vaaranam Aayiram, Ayan, Singam, Singam II, and Massu Engira Masilamani. Suriya has won three Filmfare Awards South and three Tamil Nadu State Film Awards. In 2013 he was ranked #33 on Forbes India's Celebrity 100 List. His brother Karthi is an actor and his father is actor Sivakumar. Suriya married fellow actress Jyothika in 2006. He started the charitable Agaram Foundation in 2008 and in 2012 Suriya started to host the Tamil version of Who Wants to Be a Millionaire?. He is also a producer who has his own studio 2D Entertainment.",$25 Million,"Jul 23, 1975 (44 years old)",Male,5 ft 5 in (1.67 m),"Actor, Presenter, Film Producer",India,Neutral
Abhishek Bachchan," Abhishek Bachchan is an Indian film actor and producer who has a net worth of $30 million. Abhishek Bachchan is the son of 
 and actress Jaya Bachchan and made his acting debut with the 2000 drama Refugee. He turned into a fully-fledged film star after featuring in the 2004 action thriller Dhoom, which was a true commercial success. He received critical appreciation for his performance in Yuva (2004), Sarkar (2005), Kabhi Alvida Naa Kehna (2006) and Guru (2007). Then he starred in commercially successful films like Bunty Aur Babli (2005), Kabhi Alvida Naa Kehna (2006), Guru (2007) and Bol Bachchan (2012), as well as the Dhoom series. He again took the role of a producer along with Sunil Manchanda for the 2009 movie Paa, which garnered the National Film Award for Best Feature Film in Hindi. All in all, Bachchan has won three Filmfare Awards for acting, and a National Award as a producer of Paa. Also, he was declared as one of the highest paid Bollywood actors in 2010. In his off-screen life he plays the role of a devoted husband and father. He married to the actress and former Miss World Aishwarya Rai on April 20th 2007 in a private ceremony at the Bachchan residence. The two have been dubbed as ""supercouple"" in the Indian media. Eventually, their love was blessed with a baby girl who was born on November 16th 2011.",$30 Million,"Feb 5, 1976 (44 years old)",Male,6 ft (1.85 m),"Actor, Presenter, Businessperson, Singer, Playback Singer, Film Producer",India,Neutral
Madhuri Dixit," Madhuri Dixit is an Indian actress who has a net worth of $35 million. Madhuri Dixit was born in Mumbai, Maharashtra, India in May 1967. She is best known for her work in Hindi cinema and was a leading Bollywood actress from the 1980s to the early 2000s. She is known for her physical beauty and her acting and dancing skills. Dixit has won six Filmfare Awards including four for Best Actress and one for Best Supporting Actress. She set a record by being nominated for the Filmfare Award for Best Actress 14 times. Dixit was awarded India's fourth highest civilian award, the Padma Shri, by the Government of India. In addition to being an actress she has served as a judge on the reality dancing television series Jhalak Dikhhla Jaa. She was named a UNICEF Goodwill Ambassador in India in 2014. In May 2015 Dixit was charged with false representation for her advertisements of the noodle brand Maggi which were found with toxic levels of lead.",$35 Million,"May 15, 1967 (52 years old)",Female,5 ft 4 in (1.63 m),Actor,United States of America,Neutral
Rajkumar Kohli,"Rajkumar Kohli Net Worth: Rajkumar Kohli is an Indian film director who has a net worth of $20 million. Born on 14 September 1930, in Lahore, British India, Kohli entered the limelight for directing several blockbusting Bollywood films in the 1970s and 1980s. To date, Kohli's most popular features include Nagin (1976), Jaani Dushman (1979), Naukar Biwi Ka and Raaj Tilak (1984). The above, just as the rest of his productions, have frequently featured prominent Bollywood actors like Sunil Dutt, Dharmendra, Jeetendra, Shatrughan Sinha and such actresses as Reena Roy and Rekha. Rajkumar Kohli has officially stopped directing in 2002. Today, he is married to Nishi, a Punjabi actress, with whom he has two children. The couple lives in Union Park, Chembur.",$20 Million,"Sep 14, 1930 (89 years old)",Male,,"Film director, Film Producer",India,Neutral
Arshad Warsi,"Arshad Warsi net worth and salary: Arshad Warsi is an Indian film actor, dancer, and choreographer who has a net worth of $40 million dollars. Arshad Warsi was born in Mumbai, India on April 19, 1968. By age 14, he was orphaned and struggled for a living. He began working as a door-to-door cosmetics salesman. After receiving an offer to join Akbar Sami's Dance group, he pursued his dancing career. By the age of 21, he had won an Indian dance competition and fourth prize in a World Dance championship. He went on to start his own dance studio named Awesome. Warsi choreographed the title track of the film Roop Ki Rani Choron K Raja in 1993. As an actor, he starred in the comedy film Munnabhai MBBS in 2003. He has appeared in several films as a supporting actor such as Maine Pyaar Kyun Kiya, Salaam Namaste and Golmaal Returns. Between 2007-2010, Warsi was in several box office successes in movies like F.A.L.T.U, Zila Ghaziabad and Jolly LLB. Munnabhai Chale Delhi his the third Munnabhai sequel in which he is currently working on. Hum Tum Aur Ghost was his first film as a producer. On television, he was the host of Season 1Bigg Boss, the Indian version of Big Brother, and was a co-host of the dance show Razzmatazz. Warsi has been married to Maria Goretti since 1999. The couple have a son, Zeke and daughter, Zene together.",$40 Million,"Apr 19, 1968 (52 years old)",Male,5 ft 4 in (1.65 m),"Actor, Singer, Presenter, Film Producer, Choreographer",India,Neutral
Ranbir Kapoor,"Ranbir Kapoor net worth: Ranbir Kapoor is an Indian actor who has a net worth of $50 million. Ranbir Kapoor is one of the descendants of the highly prestigious and the very first family of Hindu film industry: the Kapoor Family. Belonging to the fourth generation of this eminent Bollywood family, Kapoor embarked on his movie career as an assistant to the film director Sanjay Leela Bhansali in 2005 on the production of the film Black (2005). As for his acting career, it was startled with his debut in the film Saawariya, which was not a big hit but still earned him a nod from critics. Kapoor acquired much more critical praise for his three notable performances throughout 2009 in the following movies: Wake Up Sid (big commercial success), Ajab Prem Ki Ghazab Kahani (big grosser of the year), and Rocket Singh: Salesman of the Year (moderate box office success). All these performances didn't go unnoticed. They made Kapoor win the Filmfare Critics Award for Best Actor and set a solid ground for new recognitions as the one for his role as an aspiring politician in the political thriller Raajneeti in 2010. While in 2012, he received the Filmfare Award for Best Actor for his portrayal of Jordan in the Imtiaz Ali-directed drama Rockstar and for his depiction of a deaf-mute man in Barfi! If we add his charisma, handsomeness, incredible dancing skills and incredible versatility to his bright acting career, he has all the prerequisites to become the next Bollywood superstar.  Kapoor co-founded Picture Shuru Productions and co-owns the team Mumbai City FC of the Indian Super League.",$50 Million,"Sep 28, 1982 (37 years old)",Male,6 ft (1.83 m),Actor,India,Neutral
Sunny Deol,"Sunny Deol Net Worth: Sunny Deol is an Indian film actor, producer and director who has a net worth of $50 million. Born Ajay Singh Deol on October 19 1956, in Sahnewal, Punjab, he has firmly established himself as one of the leading actors of Hindu cinema, often being called ""Action King of Bollywood"". Deol learned the acting craft from prominent schools in England, where he became part of the Old Rep Theater in Birmingham. He has since appeared in Bollywood's greatest hits like Border (1997) and Gadar: Ek Prem Katha (2001), while still being part of casts of less popular productions like Betaab (1983), Arjun (1985), Darr (1993), Jeet (1996), Ghatak: Lethal (1996),Indian (2001), The Hero: Love Story of a Spy (2003), Apne (2007) and Yamla Pagla Deewana (2011).",$50 Million,"Oct 19, 1956 (63 years old)",Male,5 ft 8 in (1.73 m),"Actor, Film Producer, Film director",India,Neutral
Bollywood,"Ajay Devgn net worth: Ajay Devgn is an Indian film actor, director and producer who has a net worth of $35 million. Ajay Devgn made his debut in 1991 with Phool Aur Kaante, which earned him a Filmfare Award for Best Male Debut. This was a good start for Devgn, securing him roles in many upcoming movies like Jigar (1992), Dilwale (1994), Suhaag (1994), Naajayaz (1995), Diljale (1996) and Ishq (1997). Then in 1999, Ajay made another notable performance in Mahesh Bhatt's drama Zakhm, which was crowned with another National Film Award, but this time for Best Actor. In the same year, he got married with the beautiful Indian actress Kajol, with whom he welcomed a baby daughter in 2003. His personal bliss was accompanied with success in his professional life, earning a second National Film Award for Best Actor for his rendition of Bhagat Singh in Rajkumar Santoshi's biopic The Legend of Bhagat Singh (2003). In the upcoming years, he has taken roles in many critically acclaimed and commercially successful movies, few of which are: Raincoat (2004), Omkara (2006), Golmaal Returns (2008), All the Best: Fun Begins (2009), Once Upon a Time in Mumbaai (2010), Golmaal 3 (2010), Singham (2011), Bol Bachchan (2012) and Son of Sardaar (2012). Leading a life of an established actor in Bollywood, he decided to try his chances as a film producer, making his debut with U Me Aur Hum in 2008. Apart from the fact that this movie turned out to be a moderate success, he established a production house named Ajay Devgan Films.",$35 Million,,,,,,Neutral
Rishi Kapoor,"Rishi Kapoor net worth: Rishi Kapoor is an Indian actor, film producer and director who has a net worth of $40 million. Being the second son of director and actor Raj Kapoor, Rishi made his acting debut with his father's 1970 film Mera Naam Joker, where he played Young Raju. Kapoor landed his first title role opposite Dimple Kapadia in the 1973 blockbusting movie Bobby. Then he made a popular pairing with his wife-to-be Neetu Singh in films like Khel Khel Mein, Kabhie Kabhie, Amar Akbar Anthony. Rishi Kapoor got solo lead hero roles in 51 movies, out of which only 11 turned out to become box office hits. Apart from the above, he was often offered roles of a younger brother of the main lead heroes in multi-hero movies, where his romantic character would have a life story closely revolving around the one of the lead hero. In the 1990s, he appeared in hit movies like Henna and Bol Radha Bol, and played the main lead hero in multi-hero films such as Deewana and Damini – Lightning. After performing in several box office failures from the mid 1990s, he moved on playing supporting roles in the 2000s. In 1999, he directed the drama Aa Ab Laut Chalen, while in 2000, he played romantic lead for the last time in Karobaar: The Business of Love, which had a 5-year-delayed release. Ever since he has been playing supporting roles in movies like Yeh Hai Jalwa, Hum Tum, Fanaa, Namaste London, Love Aaj Kal and Patiala House. He also appeared in 2 British movies and had a chance to play himself in the 2009 Ranjit Kapoor's directed movie Chintu Ji. In 2012, he played along his brother Randhir for the first time in Housefull 2. In his personal life, Kapoor maried actress Neetu Singh in 1981 and they have two children together: actor Ranbir Kapoor and designer Riddhima Kapoor Sahani.",$40 Million,"Sep 4, 1952 (67 years old)",Male,5 ft 6 in (1.7 m),"Actor, Film Producer, Film director, Musician",India,Neutral
Rajinikanth,"Rajinikanth Net Worth: Rajinikanth is an Indian film actor, media personality, and cultural icon who has a net worth of $50 million. Born Shivajirao Gaikwad on December 12, 1950, in Bangalore, Mysore State, India, he is a true mega-star in India who firmly holds the matinee idol status in the country's popular culture. Rajinikanth made his acting debut in the Tamil film Apoorva Raagangal (1975). Not only the film won the prestigious National Film Award, it was also produced by K. Balachander, the man to have a profound influence on Rajinikanth's acting as his mentor. After short phase of playing antagonistic characters in Tamil films, he has gradually turned into an established film actor. The hefty sum of 26 crore (US$4.4 million) for his turn in Sivaji (2007) made him the highest paid actor in Asia after Jackie Chan. Rajinikanth's opus includes impressive work in more than 150 films in Tamil, Hindi, Telugu, Malayalam and Kannada film Industry. In almost four-decade-long career, he has won six Tamil Nadu State Film Awards, four Best Actor Awards and two Special Awards for Best Actor, as well as a Filmfare Best Tamil Actor Award. But that's not all, Rajinikanth was also presented with Padma Bhushan, India's third highest civilian honor in 2000. In addition to acting, he has also worked as a producer and screenwriter.",$50 Million,"Dec 12, 1950 (69 years old)",Male,5 ft 8 in (1.75 m),"Actor, Screenwriter, Film Producer, Playback Singer",India,Neutral
Saif Ali Khan,"Saif Ali Khan net worth: Saif Ali Khan is an Indian actor who has a net worth of $40 million. Saif Ali Khan is avowed for his work in Bollywood movie industry. Being the son of eminent cricket player Mansoor Ali Khan and actress Sharmila Tagore, he decided to follow his mother's footsteps by embarking on an acting career. It was in 1992, when he made his acting debut with Parampara, while his first success came in 1994 with Main Khiladi Tu Anari and Yeh Dillagi. However, Khan's bright start was followed by several years of career decline throughout the 1990s. He got back to prominence in 2001, playing a role in Farhan Akhtar's Dil Chahta Hai. Then his performance in 2003 movie Kal Ho Naa Ho earned him the Filmfare Award for Best Supporting Actor, while his work in 2004 movie Hum Tum was awarded with the National Film Award for Best Actor. Further success followed with films like Salaam Namaste (2005) and Race (2008), which can be labeled more as mainstream projects than critically acclaimed ones like Parineeta (2005), Being Cyrus and Omkara (2006). In 2009, he made a shift in his career, branching out in film production with his company Illuminati Films. The first film they made, Love Aaj Kal, become a box-office success. These Khan's accomplishments were noticed and rewarded by the Government of India, who presented him with the Padma Shri award in 2010. Thanks to all his contribution to Hindu movie industry, he became one of the leading men of Hindi cinema. Same like his career path, Khan's personal life has also been filled with ups and downs. His first marriage with Amrita Singh, ended after 13 years and 2 children, but last year, he got married once again, this time with actress 
.",$40 Million,"Aug 16, 1970 (49 years old)",Male,5 ft 6 in (1.7 m),"Actor, Film Producer, Musician",India,Neutral
Fardeen Khan," Fardeen Khan is an Indian Bollywood actor who has a net worth of $40 million dollars. Fardeen Khan was born in Mumbai, Maharashtra, India, and attended the University of Massachusetts-Amherst, where he studied Business Management. He began his acting training at Kishore Namit Kapoor's Acting Institute. He began his professional acting career in 1998, with a role in the film, ""Prem Agan"". His work in the production garnered him the Filmfare ""Best Debut"" Award. It was two more years before he would shoot another film. Since then, he has worked steadily, appearing in three or more films per year. Some of his projects have included, ""Jungle"", ""Hum Ho Gaye Aapke"", ""Kuch Tum Kaho Kuch Hum Kahein"", ""Khushi"", ""Bhoot"", ""Fida"", ""No Entry"", ""Ek Khiladi Ek Haseena"", ""Just Married"", ""Heyy Babyy"", ""Jai Veeru"", ""Acid Factory"", ""All the Best – Fun Begins"", ""Dulha Mil Gaya"". He is next slated to appear in ""No Entry Mein Entry"".",$40 Million,"Mar 8, 1974 (46 years old)",Male,6 ft (1.83 m),Actor,India,Neutral
Sai Tamhankar,"Sai Tamhankar net worth: Sai Tamhankar is an Indian actress who has a net worth of $5 million dollars. Born in Sangli, Maharashtra, India, Sai Tamhankar began acting while in high school. She went on to win various acting awards throughout her college career, and relocated to Mumbai in 2004 to focus on a career in performance. While in Mumbai she also worked as a hotel manager in order to support herself. Her career took off when she was cast in her first Marathi serial, and she has since appeared in many more serials and sitcoms, including ""Ya Gojirvanya Gharat"", ""Agni Shikha"", and ""Kasturi"". She also launched a successful film career and has appeared in both Marathi and Hindi projects. Some of her feature films include, ""Sanai Choughade"", ""Ghajini"", ""Picnic"", ""Villa"", and the recently released comedy, ""Balak Palak"". She is engaged to visual effects artist Amey Gosavi, and they were to be married in late 2012. However, the wedding has been pushed back to accommodate their busy work schedules.",$5 Million,"Jun 25, 1986 (33 years old)",Female,,Actor,India,Neutral
Nandamuri Balakrishna," Nandamuri Balakrishna is an Indian actor and politician who has a net worth of $10 million dollars. Nandamuri Balakrishna was born in Madras, Madras State, India, and graduated from Nizam College in Hyderabad, with a degree in Commerce. His family was already heavily involved in the Telegu film industry and politics. His father was an award-winning actor and director, and also the former Chief Minister of Andhra Pradesh. He followed in his family's footsteps, and began performing in films when he was in elementary school. He officially broke through in the late 80s, appearing in six blockbuster films in a row. Since 2000, his career has had its ups and downs, which may be partially due to a shooting incident, in which he allegedly shot two producers at his home. He has won numerous awards, including two Nandi Awards, and two FilmFare Awards for Best Actor.",$10 Million,"Jun 10, 1960 (59 years old)",Male,5 ft 8 in (1.74 m),"Actor, Politician",India,Neutral
Arjun Kapoor,"Arjun Kapoor net worth: Arjun Kapoor is an Indian film actor who has a net worth of $10 million. Arjun Kapoor was born on June 26th 1985, in Mumbai, India. Being a son of the Indian film producer, Boney Kapoorhe, grandson of the filmmaker Surinder Kapoor, nephew of the actor Anil Kapoor and first-cousin of the actress Sonam Kapoor, he became familiar with the movie industry at a very young age. However, he made his acting debut with the romantic drama Ishaqzaade (2012), for which he received a nod from critics for his performance. As for the movie, it was both critically and commercially acclaimed. Before venturing into acting, Kapoor took on the role of an assistant producer and assistant director in several films. As a producer, he created movies like blockbusters No Entry (2005) and Wanted (2009), while as an assistant director, he worked on films such as Shakti: The Power (2002), Kal Ho Naa Ho (2003) and Salaam-E-Ishq (2007). His ambitions to become an actor and film director, were fully supported by his family, even when he weighed around 310 pounds. But it was actor Salman Khan who encouraged him most to start acting and even helped him lose weight.",$10 Million,"Jun 26, 1985 (34 years old)",Male,6 ft (1.85 m),"Actor, Film Producer",India,Neutral
Rani Mukerji,"Rani Mukerji net worth: Rani Mukerji is an Indian film actress who has a net worth of $12 million. Coming from a movie-oriented family of Bengali origin, Rani Mukerji made her first cameo appearance in the 1996 Bengali film Biyer Phool, on her mother's insistence. This movie marked her debut as an actress, while, one year later, Mukerji landed her first role in a Hindu movie by playing the protagonist of Raja Ki Aayegi Baraat. Subsequently, she starred in Karan Johar's blockbuster romance Kuch Kuch Hota Hai (1998), which earned her a Filmfare Award for Best Supporting Actress. As for her remarkable performance in 2002 drama Saathiya, she won her first Filmfare Critics Award for Best Actress. Then in 2004, her roles in the blockbuster romantic comedy Hum Tum and the critically acclaimed drama Yuva, secured her the Best Actress and Best Supporting Actress awards, respectfully, at the 50th Filmfare Awards. Two more Filmfare Awards followed, for her moving portrayal of a blind, deaf and mute woman in the 2005 drama Black. The number of Mukerji's leading roles continued to grow with her performances in the 2005 comedy Bunty Aur Babli and the 2006 adult drama Kabhi Alvida Naa Kehna, both of which were successes in India and abroad. All of these roles helped Mukerji become a leading actress of Hindi cinema. But then, there was a period when Mukerji played a series of roles in commercially unsuccessful films, which caused hold-ups in her career. However, she regained praise from critics after she gave an outstanding portrayal of a headstrong journalist in No One Killed Jessica (2011) and a grieving mother in Talaash (2012). Apart from acting in movies, Mukerji has also featured as a talent judge for Sony Entertainment Television's reality show Dance Premier League in 2009. She is a constant stage performer who keeps her personal life under wraps.",$12 Million,"Mar 21, 1978 (42 years old)",Female,5 ft 2 in (1.6 m),"Actor, Dancer, Model",India,Neutral
Emraan Hashmi," Emraan Hashmi is an Indian film actor who has a net worth of $12 million. As a nephew of the eminent Indian director Mahesh Bhatt, Emraan Hashmi first set foot in directing, working with Vishesh Films as an assistant director on Vikram Bhatt's Raaz (2002). At the age of 19, he made his acting debut with Footpath (2003), which did not do well at the box office. It was not so bright start, but in 2004 he appeared along Mallika Sherawat in the thriller, Murder, which enjoyed a great commercial success. Then he starred in several commercially acknowledged movies, most of them produced by Vishesh Films. The critics didn't like his repetitive roles, which earned him the title ""serial kisser,"" and thus they labeled him ""one note actor."" However, he improved his ""poor"" reputation and gathered wide critical acclaim for his roles in Once Upon A Time In Mumbaai (2010), The Dirty Picture (2011) and Shanghai (2012). These movies helped him become one of the leading contemporary actors of Hindi cinema, as well as one of the most popular celebrities in India. Hashmi earned three Filmfare Awards nominations throughout his acting career. As for his off-screen life, he tied the knot with his long-time girlfriend Parveen Shahani in 2008 and became a father to a baby son, Ayaan Hashmi, in 2010.",$12 Million,"Mar 24, 1979 (41 years old)",Male,5 ft 8 in (1.73 m),"Actor, Model",India,Neutral
Vidya Balan," Vidya Balan is an Indian film actress who has a net worth of $15 million. Born on January 1, 1978, in Ottapalam, Kerala, India, Vidya Balan has established herself as a leading contemporary actress of Hindi cinema. At the age of 16, Balan made her acting debut, landing her first role in the 1995 sitcom Hum Paanch. After her fruitless attempts to start an acting career, she was forced to act in TV commercials and music videos. It was in 2005, when Balan garnered the first praise for her appearance in Parineeta, and this success was followed with a leading role in the 2006 blockbuster Lage Raho Munna Bhai. Then she portrayed glamorous characters in movies like Heyy Babyy (2007) and Kismat Konnection (2008), but both her performances earned negative comments from critics. However, 2009 marked the start of the most successful period in Balan's career. Her consecutive roles in Paa (2009), Ishqiya (2010), No One Killed Jessica (2011), The Dirty Picture (2011), and Kahaani (2012), earned her the ""female hero"" attribute and helped her gain a special place among ruling contemporary Hindu actresses. During her turbulent career, Balan has won one National Film Award, five Filmfare Awards and five Screen Awards. She drew attention with her fluctuating weight and poor sense for clothes, but was eventually credited for keeping her individuality and breaking stereotypes of a Hindi film heroine. Apart from acting, she is a social activist and loud supporter of the empowerment of women. She also plays the off-screen role of a wife to film producer Siddharth Roy Kapur. They tied the knot in December, 2012.",$15 Million,"Jan 1, 1978 (42 years old)",Female,5 ft 4 in (1.63 m),"Actor, Model",India,Neutral
Pawan Kalyan," Pawan Kalyan is an Indian actor who has a net worth of $15 million. Pawan Kalyan was born Konidala Kalyan Babu on Sptember 2nd 1971 in Mogultur, Andhra Predes, India. Being raised as the youngest brother of actor Chiranjeevi and actor-producer Nagendra Babu, Kalayn grown into a popular actor and film director in Telugu cinema himself. It was in 1996, when he both re-christened himself as Pawan Kalyan and made his acting debut with Akkada Ammayi Ikkada Abbayi. Two years later, he starred in the award-winning movie Tholi Prema that won the National Film Award for Best Feature Film in Telugu for 1998. Other Pawan Kalyan's notable movies are: Thammudu (1999), Badri (2000), Khushi (2001) and Jalsa (2008). Apart from establishing himself as one of the leading Telugu cinema actors, he has also started an organization called Common Man Protection Force (CMPF) in October 2007. Kalyan's organization aims to help people from socially neglected areas in India by resolving their fundamental social problems. As for his private life, Kalyan first married Nandini, but eventually he left her and started living with actress Renu Desai, with whom he worked in his films Badri and Johnny. The pair has two children together: a son called Akira Nandan (born in 2004) and a daughter called Aadhya (born in 2010).",$15 Million,"Sep 2, 1971 (48 years old)",Male,5 ft 11 in (1.82 m),"Actor, Choreographer, Screenwriter, Film director",India,Neutral
Bipasha Basu," Bipasha Basu is an Indian film actress and a former model, who has a net worth of $15 million. Bipasha Basu, aka ""Bips"", is an Indian beauty who started her professional career as a model, but then ventured into films and made her name as an actress in Telugu, Bengali and Tamil language films. The fact that her debutant role as a foe in the 2001 movie Ajnabee earned her a Filmfare Award for Best Female Debut, was a clear sign that she made the right choice. However, Basu's commercial success came after her appearance in Raaz (2002), which was followed by more media exposure once she rendered a bold part in the erotic 2003 movie Jism. Next, she played parts in major movies such as No Entry(2005), Phir Hera Pheri (2006), Dhoom 2 (2006) and Race (2008), and in movies like Apharan (2005), Corporate (2006) and Bachna Ae Haseeno (2008) that earned her critical claim and gave her a chance for several award nominations. She has been nominated twice for the Filmfare Award for Best Actress and Supporting Actress, each time together with a nomination for the Filmfare Award for Best Performance in a Negative Role. After spending few years off the big screen (2009–2011), she made a comeback with her appearance in Raaz 3 (2012), which was both a commercial success and critical praise. Having accomplished all of the above, Basu has become a leading contemporary Bollywood actress. Actually, she has been known as a ""sex symbol,"" thanks to her bold on-screen performance and honest confessions of her private life.",$15 Million,"Jan 7, 1979 (41 years old)",Female,5 ft 6 in (1.7 m),"Actor, Model",India,Neutral
Arman Kohli," Armaan Kohli is an Indian actor who has a net worth of $15 million. Armaan Kohli was born to parents heavily involved in the show business industry in 1972 in India. Kohli started acting as a child, appearing in a few of his father's films, including ""Badle Ki Aag"" in 1982 and ""Raaj Tilak"" in 1984. Kohli didn't appear on screen again until 1992, this time playing Raj in another of his father's movies: ""Virodhi"". Kohli went on to appear in ""Dushman Zamana"" as Vijay, ""Koyal"", ""Kohra"" as Anand Sharma, ""Aulad Ke Dushman"" as Vikram Chaudhary, ""Juaari"", ""Veer"" as Arjun, ""Qahar"" as Krishna, ""Dushmani"", ""Jaani Dushman: Ek Anokhi Kahani"" as Kapli, and ""LOC: Kargil"" as Major Vikas Vohra, which premiered in 2003. That was his last film appearance before he began filming 2015's ""Prem Ratan Dhan Payo"". A year prior to ""LOC: Kargil"", Kohli made headlines when the car he was driving struck a man. He was next seen on TV screens appearing on the reality show ""Bigg Boss 7"". Soon after, he was arrested for allegedly assaulting a fellow competitor, Sofia Hayat, and he made bail the following day. Kohli also appeared on Humdunbawg Shetty, a lawyer, on ""Tumhari Paakhi"".",$15 Million,"Mar 23, 1972 (48 years old)",Male,,Actor,India,Neutral
Kajol,"Kajol Devgn net worth: Kajol Devgn, aka Kajol, is an Indian film actress who has a net worth of $16 million. Born to actress Tanuja and film director Shomu Mukherjee, Kajol set foot in acting with the 1992 movie Bekhudi, while still at school. In order to pursue an acting career she quit her studies, and enjoyed her first commercial success with the 1993 thriller Baazigar. More public recognitions followed as she played lead roles in several smash-hit family dramas, such as Dilwale Dulhaniya Le Jayenge (1995), Kuch Kuch Hota Hai (1998), and Kabhi Khushi Kabhie Gham… (2001). While taking against type roles in mystery movie Gupt (1997) and Psychologicla thriller Dushman (1998), earned her critical praise and contributed to her rise as a successful Indian actress. After spending some time off-screen, Kajul returned to full-time acting with the 2006 romantic thriller Fanaa. Throughout the rest of the decade, she worked intermittently and earned critical acclaim for her performance in U Me Aur Hum (2008) and My Name Is Khan (2010). Her work as a film actress resulted in winning 6 Filmfare Awards from 11 nominations, and (together with her late aunt Nutan) keeping a record for most Best Actress wins at Filmfare, with five. Also, she was presented with the Padma Shri (the fourth highest civilian award of the country) by the Government of India in 2011. In addition to her acting career, Kajol is a social activist, working mostly with widows and children, for which she received the Karmaveer Puraskaar prize in 2008. She has also been a talent judge for Zee TV's reality show, Rock-N-Roll Family (2008) and one of the managers at Devgn Entertainment and Software. In 1999, she married actor Ajay Devgn, whom she dated since 1995. They have two children together: a daughter and a son.",$16 Million,"Aug 5, 1974 (45 years old)",Female,5 ft 2 in (1.6 m),Actor,India,Neutral
Asin,"Asin Thottumkal net worth: Asin Thottumkal, mononymously known as Asin, is an Indian film actress who has a net worth of $16 million. Asin started her acting career in the South Indian film industry, but eventually she moved on to appearing mostly in Bollywood films. She made her silver screen debut with the 2001 Malayalam film Narendran Makan Jayakanthan Vaka, starring Kunchacko Boban and directed by Sathyan Anthikad. But she enjoyed her first commercial success with the 2003 Telugu film Amma Nanna O Tamila Ammayi, winning the Filmfare Best Telugu Actress Award. Her first Tamil movie was M. Kumaran S/O Mahalakshmi (2004), which turned out to be a huge success. While for her third Tamil film Ghajini (2005), she earned the Filmfare Best Tamil Actress Award for her incredible performance. Subsequently, she landed the leading roles in several successful movies, most noteworthy being the dramatic thriller Pokkiri (2007) and the magnum opus blockbuster Dasavathaaram (2008) opposite Kamal Haasan. It was in the late 2008, when she made her debut in a Bollywood film with Ghajini opposite Aamir Khan. Asin fetched the Filmfare Best Female Debut Award and many Accolades for Ghajini. Later on, she starred in the 2009 musical London Dreams and the 2011 Anees Bazmee's romantic comedy, Ready. 2011 marked the most successful stage of Asin's Bollywood career, while 2012 noted her first appearance in Sajid Khan's multistarrer Housefull 2 opposite Akshay Kumar.",$16 Million,"Oct 26, 1985 (34 years old)",Female,5 ft 4 in (1.63 m),"Actor, Model",India,Neutral
Anushka Sharma,"Anushka Sharma net worth: Anushka Sharma is an Indian film actress and former model who has a net worth of $16 million. Being born to an army family based in Bangalore, Anushka Sharma was just an ordinary girl with a strong wish to make it big in the world of modeling and no aspirations whatsoever to become an actress. At the age of 18, her wish came true by becoming a model for Wendell Rodricks's Les Vamps Show at the Lakme Fashion Week. Within a year, Anushka became sensational Indian model and thus was chosen to be Rodricks's finale model at the Spring Summer '07 Collection. Ever since, she kept making campaigns for Silk & Shine, Whisper, Nathella Jewelry and Fiat Palio. She turned from a model into an actress in 2008, when she got her first role in Aditya Chopra's Rab Ne Bana Di Jodi, opposite Shahrukh Khan. Actuallly, she was signed by Aditya Chopra for a three-film contract with Yash Raj Films. Sharma received her first critical acclaim for playing the role of a lively wedding planner in the 2010 romantic comedy Band Baaja Baaraat. As a result, she ended up being a two-time Best Actress nominee at the Filmfare Awards ceremony. While in 2012, she fetched the Filmfare Award for Best Supporting Actress for her work in Yash Chopra's romance Jab Tak Hai Jaan.",$16 Million,"May 1, 1988 (31 years old)",Female,5 ft 8 in (1.75 m),"Actor, Model",India,Neutral
Vikram," Vikram is an Indian actor who has a net worth of $20 million. Vikram was born in Chennai, Tamil Nadu, India in April 1966. He mostly appears in Tamil language movies. Vikram has won six Filmfare Awards, a National Film Award, and a Tamil Nadu State Film Award. His debut came in the 1990 movie En Kadhal Kanmani and Vikram would go on to star in many other movies including Sethu, Dhill, Gemini, Dhool, Saamy, Samurai, Kasi, Pithamagan, Anniyan, Kanthaswamy, Deiva Thirumagal, and many others. For his role in the 2015 thriller I, Vikram lost a lot of weight and got rave reviews for the film that became the second highest grossing Tamil movie of all time. He has served as a Youth Envoy for the United Nations Human Settlements Program and has been a brand ambassador of Sanjeevani Trust. He also runs his own welfare association, the Vikram Foundation.",$20 Million,"Apr 17, 1966 (54 years old)",Male,5 ft 6 in (1.68 m),"Actor, Playback Singer, Voice Actor, Film Producer",India,Neutral
Shahid Kapoor," Shahid Kapoor is an Indian actor who has a net worth of $20 million. Shahid Kapoor's rise to stardom is like an extract from a Bollywood film script, turning from a straggler into a winner. Shahid launched his career by performing in music videos and advertisements, and made his Bollywood debut as a background dancer in 1999 Subhash Ghai's directed film Taal. While in 2003, he made his acting debut with the 2003 film Ishq Vishk, which earned him the Filmfare Award for Best Male Debut. Later on, more roles in movies followed, such as Fida (2004), Shikhar (2005), Vivah (2006), Jab We Met (2007) and Kaminey (2009). The last two fetched him Best Actor nominations at the Filmfare ceremony. As for Viva, he enjoyed his first major commercial success. His genuine ability to switch modes, from young and restless, to mature and responsible, has secured him solid ground for a bright acting career. He is already set to film for Bejoy Nambiar's next film, and he has been confirmed a role opposite Sonakshi Sinha in Prabhu Deva's upcoming film titled Namak. Plus, he signed a Bollywood masala entertainer opposite Ileana D'Cruz in the temporarily titled film Phata Poster Nikla Hero set for a 2013 release.",$20 Million,"Feb 25, 1981 (39 years old)",Male,5 ft 8 in (1.73 m),Actor,India,Neutral
Irrfan Khan," Irrfan Khan is an Indian actor who has a net worth of $50 million dollars. Irrfan Khan was born in Jaipur, Rajasthan, India, and went on to graduate from the National School of Drama in New Delhi, India. After graduating, he relocated to Mumbai, where he began working almost immediately in film and television projects. He has appeared in numerous Bollywood films, and has also appeared in a number of British and Hollywood projects. He has also won numerous acting honors in India, including three Filmfare Awards and a National Film Award for Best Actor. Some of his many credits include, ""Salaam Bombay!"", ""The Warrior"", ""The Great Maratha"", ""Banegi Apni Baat"", ""Jai Hanuman"", ""Star Bestsellers"", ""Gunash"", ""Shadows of Time"", ""A Mighty Heart"", ""The Namesake"", ""The Darjeeling Limited"", ""Partition"", ""Slumdog Millionaire"", ""New York, I Love You"", ""Knockout"", ""In Treatment"", ""The Amazing Spider-Man"", ""Life of Pi"", and ""The Lunchbox"".",$50 Million,"Jan 7, 1967 (53 years old)",Male,6 ft (1.83 m),"Actor, Television producer, Television Director",India,Neutral
Dev Anand,"Dev Anand net worth: Dev Anand was an Indian actor, director and producer who had a net worth of $50 million. Dev Anand earned his net worth thanks to a prolific career in the Hindi film industry. He was born on 26th September, 1923 and died on 3rd December, 2011. His original name is Dharam Dev Pishorimal Anand. Apart from acting, directing and producing, Anand also earned a huge reputation in as a writer. He is a part of Anand Family and he is the one who co-founded the Navketan Films in 1949 along with Chetan Anand, his elder brother.
Dev Anand was honored with Padma Bhushan in 2001 by the Indian Government and in 2002 he received Dada Saheeb Phalke Award for his contribution to Hindi cinema. His career spanned over 65 years during which he acted in more than 114 films. In 104 movies of those movie he was the lead actor and he appeared in two English movies as well. Dev was a graduated The Government College, Lahore which is now located in Pakistan.
His hometown was Bombay, which he left during the 1940s and started working at the office of the military censor located at Churchgate. Later he worked as a clerk at an accounting firm and then he joined his elder brother Chetan Anand as the member of Indian People's Theatre Association. He was greatly inspired by Ashok Kumar after watching his film Achhut Kanya.",$50 Million,"Sep 26, 1923 - Dec 3, 2011 (88 years old)",Male,5 ft 6 in (1.7 m),"Actor, Film Producer, Film director, Screenwriter",India,Neutral
Rajesh Khanna,"Rajesh Khanna net worth: Rajesh Khanna was a Hindi film actor, producer and politician who had a net worth of $65 million at the time of his death in 2012. Rajesh Khanna earned his net worth by appearing in lead roles of many Hindi movies during his acting career. Rajesh Khanna was born on 29th December, 1942. He was the first super star for Hindi cinema which is known as Bollywood. During his acting career he managed to create several milestones that have remained untouched by other actors. He is also known as Kaka and some of his fans have even named him as the Original King of Romance in this Hindi film industry. During his lifespan he went into politics from 1991-96 and also produced some movies during 1971-1995. He is also referred as the Hindi Cinema's Original Superstar. He earned these titles while acting in fifteen consecutive blockbuster movies during the 70's. This is a record in Hindi Film Industry that is still to be broken by someone. During March, 1973, Rajesh Khanna got married to Dimple Kapadia. This has happened just eight months prior to Dimple's first Hindi film Bobby. After getting married, Rajesh Khanna had two sweet daughters. The elder one among these two is Twinkle Khanna who married to Akshay Kumar and the younger one is Rinkie Khanna. Rajesh Khanna appeared in total 180 films. Of those 180 films, 163 of them are feature films and the rest are the short films. In his acting career, he received 3 Filmfare awards as the best actor and nominated as the best actor for 14 times. Rajesh died on July 18, 2012 at the age of 69.",$65 Million,"Dec 29, 1942 - Jul 18, 2012 (69 years old)",Male,5 ft 8 in (1.75 m),"Politician, Actor, Film Producer",India,Neutral
Dharmendra,"Dharmendra Singh Deol is an Indian actor with a net worth of $70 million. Dharmendra obtained his net worth by starring in Dil Bhi Tera Hum Bhi Tere in 1960. Dharmendra was born in Phagwara, Punjab, India. Dharmendra has been nominated for Filmfare Best Actor Award several times and has won a Filmfare Lifetime Achievement Award for his contribution to Indian films. Dharmendra's early life was spent at the village named as Sahnewal. At the village Lalton in Ludhiana, his father used to work as a school headmaster and later his family shifted to Bombay. His original name is Dharam Singh Deol and he is the one who is better known as Dharmendra. He is the most popular actor in Hindi movies and also known as the He Man of Bollywood. Till the year 2011, Dharmendra appeared in more than 247 Hindi movies. During the year 1997, he received the Lifetime Achievement Award at Filmfare for his great contribution for the Hindi cinema. He has also received his next Lifetime Achievement Award in 2007 at IIFA Awards. He is named as the Action King in Bollywood. During his acting career, he appeared in several action movies and also considered as the living legend. When Dharmendra was at the peak of his acting career, he was considered as the most handsome actor in this industry. He is also one of the lead actors in one of the greatest Hindi movie Sholay which was directed by Ramesh Sippy. In this film, Dharmendra has shared the silver screen in the lead role with the great Amitabh Bachchan. After this, he also acted in several other hit movies. In this way, Dharmendra established himself as a most popular face in this huge industry.",$70 Million,"Dec 8, 1935 (84 years old)",Male,5 ft 10 in (1.78 m),"Actor, Politician, Film Producer, Businessperson",India,Neutral
Shashi Kapoor,"Shashi Kapoor net worth: Shashi Kapoor is a popular Hindi film actor and successful producer who has a net worth of $80 million. Shashi Kapoor earned his net worth by acting in many roles during his long acting career in Hindi Film industry. Shashi Kapoor or Balbir Raj Prithviraj Kapoor was born on March 18, 1938 in a well known family of Calcutta or at present known as Kolkata. He is both an award winning Hindi film actor as well as successful film producer. He also worked as a director and assistant director in Indian film industry and proved himself very versatile in this entertainment industry. He is also a member of renowned Kapoor family that has produced many acting talents for the Indian Film industry. This family is also known as the destination of India's Bollywood. Shashi Kapoor was greatly influenced by his family members because he is the younger brother of the most popular Hindi film actor Raj Kapoor and Shammi Kapoor. He is also the son of Prithviraj Kapoor. These people are the well known personality in Hindi Film industry since its establishment. Due to these reasons, Shashi Kapoor has ruled in the Hindi films as a front line actor in large numbers of movies. Shashi Kapoor has also received the chance to act in few English movies, which shows his talent and popularity in this industry. Shashi Kapoor was honored with the most prestigious Padma Bhushan award in 2011 by the Govt. of India. Kapoor received the Dadasaheb Phalke Award in 2014 and became the third member of his family to do so. The award is the highest available in Indian cinema.",$80 Million,"Mar 18, 1938 (82 years old)",Male,5 ft 10 in (1.8 m),"Film Producer, Actor, Film director",India,Neutral
Dilip Kumar,"Dilip Kumar net worth: Dilip Kumar is one of the most famous Hindi film actors, directors and producers on the planet. He has a net worth of $85 million. Dilip Kumar earned this net worth from a wildly successful acting career in Hindi cinema. Dilip Kumar was born on 11th December, 1922 and his original name is Mohammad Yusuf Khan. He was also a former parliament member. His first Hindi movie Jwar Bhata was released in 1944. This movie was produced by Bombay Talkies. During his career, he earned the name of Tragedy King and also considered to be the Ultimate Method Actor by Satyajit Ray. In one of his blogs, Amitabh Bachchan has even described Dilip Kumar as one of the best and the greatest actors he has ever seen. He earned all these reputations while acting in more than 60 movies and has a great career that expands for more than six decades. Critics have even acclaimed that Dilip Kumar is the best actor in Hindi cinema. During the year 1954, Dilip Kumar received the first ever best actor award at Filmfare. He is also sharing the record of receiving eight Filmfare awards with Shahrukh Khan. He has been rewarded with the Padma Bhushan award by India Government during 1991 and in 1994 by Dadasaheeb Phalke Award. He is always considered as a great contributor to the Hindi Film industry and always remained as an inspiration for several actors. He worked in different taste of movies that range from romantic to comical and from tragedy to drama. Dilip Kumar's popularity as a quality actor in Hindi Cinema will never cease!",$85 Million,"Dec 11, 1922 (97 years old)",Male,5 ft 10 in (1.78 m),"Politician, Film director, Actor, Screenwriter",India,Neutral
Kamal Haasan,"Kamal Hassan net worth: Kamal Hassan is a popular Indian actor and producer who has a net worth of $100 million. Kamal Hassan earned his net worth by producing, and acting in many successful movies. Kamal Hassan was born on November, 7th 1954. He is a popular screenwriter, film actor, director and producer. Hassan is considered one of the most important method actors in the Indian cinema.
Kamal Hassan won numerous Indian movie awards, including 4 National Film Awards as well as nineteen Filmfare Awards. Apart from acting, directing and screen writing, he worked in movies as a playback singer, choreographer and songwriter. Rajkamal International, which is Kamal Hassan's film production corporation, has produced many of his movies. In 1990, Kamal Hassan was honored with the Padma Shri rewarding his fantastic contribution to Indian cinema.
In 2009, Hassan was listed among the very few actors of India who have worked successful for more than fifty years in Indian cinema. Kamal Hassan secured his second Indian National Film Award recognizing his portrayal of an ingenuous school teacher who tends an innocent amnesiac in 1982's Moondram Pirai. His Tamil movie Nayagan brought him great popularity among the film enthusiasts.",$100 Million,"Nov 7, 1954 (65 years old)",Male,5 ft 4 in (1.65 m),"Screenwriter, Actor, Film Producer, Voice Actor, Film director, Singer, Writer, Songwriter, Choreographer, Playback Singer",India,Neutral
Amitabh Bachchan,"Amitabh Bachchan net worth: Amitabh Bachchan is an Indian film actor who has a net worth of $400 million. Amitabh Bachchan first became famous from his roles in the 70s in Hindi cinema as the ""angry young man"". He eventually went on to become one of the most prominent figures in the history of Indian cinema. Among his many awards throughout his acting career include four National Film Awards, three of which are in the Best Actor category, and fourteen Filmfare Awards. At Filmfare he has received 36 nominations overall, making him the most-nominated performer in any major acting category. He was elected to the Indian Parliament and served as a member from 1984 to 1987. Bachchan has also worked as a playback singer, film producer, narrator and television presenter. Bachchan is known for his deep, baritone voice.
He was born in Allahabad, Uttar Pradesh, to a Hindu Kayastha family. He attended Nainital's Sherwood College, where he majored in the art. At Kirori Mal College of the University of Delhi he completed a Bachelor of Science degree. Amitabh has been an active member of the acting community since 1969, and he has been married to Jaya Bhaduri an Indian actress and politician since 1973. The couple have two children, Shweta Nanda and Abhishek Bachchan. Abhishek is also an actor and is married to actress Aishwarya Rai. In 1969 as a voice narrator in Mrinal Sen's National Award winning film Bhuvan Shome, Bachchan made his film debut. His first role as an actor was in Saat Hindustani, a film directed by Khwaja Ahmad Abbas as one of the seven protagonists. Bachchan won his first National Film Award for Best Newcomer. Some of his most recent roles include films such as Rann and Teen Patti. Amitabh Bachchan: the Legend was published in 1999, To be or not to be: Amitabh Bachchan in 2004, AB: The Legend: (A Photographer's Tribute) in 2006 are among the many books that have been writing about Bachchan's life.",$400 Million,"Oct 11, 1942 (77 years old)",Male,6 ft (1.85 m),"Actor, Musician, Presenter, Film Producer, Singer, Voice Actor, Television presenter, Playback Singer",British Raj,Neutral
Shah Rukh Khan," Shahrukh Khan is an Indian actor, film producer, and TV personality who has a net worth of $600 million. Often called the King of Bollywood, Khan has appeared in more than 80 Bollywood films.
Shahrukh Khan was born November 2, 1965, into a Muslim family in New Delhi, India. He prefers his name to be written out as Shah Rukh Kahn and is commonly called by the acronym SRK. His father had several business ventures including a restaurant, and the family lived a middle-class life in rented apartments. Khan went to St. Columba's School, in Rajendra Nagar where he excelled in football and hockey and received the school's highest honor, the Sword of Honour. Initially, Khan wanted to pursue a career in sports, however, due to a shoulder injury, he could no longer play.
Instead, he acted in stage plays and received praise for his imitations of Bollywood actors.
Khan attended Hansraj College where he got his B.A. degree in Economics. During his undergraduate years, Khan spent much of his time at Delhi's Theatre Action Group (TAG), where he studied acting under the mentorship of theatre director Barry John. He received his Master's Degree in Mass Communication at Jaimia Millia Islamia. His father passed away in 1981 from cancer and his mother died in 1991 from complications of diabetes. After the death of their parents, SRK's older sister Shahnaz Lalarukh suffered from severe depression. He became her caretaker. She lives with him and his family to this day.
 Khan began his career with appearances in several television series in the late 1980s. In 1991, Kahn moved from Delhi to Mumbai to pursue a full-time career in Bollywood and was quickly signed to four films.
His film debut was in ""Deewana,"" which was released in June 1992. ""Deewana"" became a box office hit and launched Khan's Bollywood career. 
Early in his career, Khan was recognized for portraying villainous roles in the films ""Darr"" (1993), ""Baazigar"" (1993) and ""Anjaam"" (1994). He then rose to prominence after starring in a series of romantic films, including ""Dilwale Dulhania Le Jayenge"" (1995), ""Dil To Pagal Hai"" (1997), ""Kuch Kuch Hota Hai"" (1998), ""Mohabbatein"" (2000) and ""Kabhi Khushi Kabhie Gham…"" (2001). Khan went on to earn critical acclaim for his portrayal of an alcoholic in ""Devdas"" (2002), a NASA scientist in ""Swades"" (2004), a hockey coach in ""Chak De! India"" (2007) and a man with Asperger syndrome in ""My Name Is Khan"" (2010). His highest-grossing films include the comedies ""Chennai Express"" (2013), ""Happy New Year"" (2014), ""Dilwale"" (2015), and the crime film ""Raees"" (2017). Many of his films display themes of Indian national identity and connections with diaspora communities, or gender, racial, social and religious differences and grievances.
Khan is co-chairman of the motion picture production company Red Chillies Entertainment. He is a frequent television presenter and stage show performer. The media often label him as ""Brand SRK"" because of his many endorsements and entrepreneurial ventures. Khan gets an enormous amount of media coverage in India thanks to starring in two or three films a year, appearing in television commercials, print ads and on billboards. He has a fanatical fanbase that is estimated to be more than one billion strong.
The Government of India has awarded him the Padma Shri, the fourth-highest Indian civilian honor, and the Government of France the Officier of the Ordre des Arts et des Lettres, the second-degree of the honor, and the Chevalier of the Legion of Honour, the fifth degree of the honor.
Shah Rukh Khan married Gauri Chibber in October 1991 after six years of dating. They have three children: sons Aryan and AbRam and daughter Suhana. Aryan is a student at the University of Southern California's School of Cinematic Arts and Suhana is studying drama and acting at New York University. His family practices both his Muslim and his wife's Hindu faiths.
During a 2019 interview with David Letterman on his Netflix show ""My Next Guest,"" Khan recounted the early days of his courtship of his wife Gauri. Specifically, he spoke about how at one point in the early days of their relationship she moved to Mumbai to get away from him. He was too possessive. So what did Khan do? He got together a group of friends and went to Mumbai to find her. He basically stalked her.
Khan's philanthropic endeavors focus on health care and disaster relief. He was honored with UNESCO's Pyramide con Marni award in 2011 for his support of children's education and the World Economic Forum's Crystal Award in 2018 for his leadership in championing women's and children's rights in India. He regularly features in listings of the most influential people in Indian culture, and in 2008, Newsweek named him one of their fifty most powerful people in the world.
In 2011 the Los Angeles Times called him ""the biggest movie star you've never heard of … perhaps the world's biggest movie star, period. He is called ""The Baadshah of Bollywood,"" ""The King of Bollywood"" and ""King Khan.""
Khan is the co-owner of the Indian Premier League cricket team Kolkata Knight Riders and the 
aribbean Premier League team Trinbago Knight Riders.
Shah Rukh Khan's yearly salary is $72,727,000. Various media reports claim that Khan makes Rs 20-25 crore per film, roughly equivalent to $28 million to $35 million.
 Shah Rukh Khan and his wife own a six-story, 26,328 square foot home in Mumbai called Mannat. Khan and his wife bought the home in 2001. It faces the Arabian Sea. He also owns a villa in the Palm Jumeirah in Dubai, UAE. The six-bedroom villa contains a spa, gym, and a panoramic view of the sea. Khan also has homes in New Delhi and London.",$600 Million,"Nov 2, 1965 (54 years old)",Male,5 ft 8 in (1.73 m),"Actor, Film Producer, Presenter, Voice Actor",India,Neutral
